mean_test_score,n_estimators,min_samples_split,max_depth,bootstrap
0.7526080680754811,270,4,20,False
0.7523511826649785,160,4,20,False
0.7523326773094947,255,4,20,False
0.7522046422931542,160,2,30,False
0.7520864153023951,160,2,90,False
0.7520864153023951,160,2,70,False
0.7520864153023951,160,2,60,False
0.7520864153023951,160,2,50,False
0.7520864153023951,160,2,80,False
0.7520864153023951,160,2,40,False
0.7520864153023951,160,2,100,False
0.7520291153292186,300,4,20,False
0.7517408449291395,300,2,50,False
0.7517408449291395,300,2,60,False
0.7517408449291395,300,2,70,False
0.7517408449291395,300,2,90,False
0.7517408449291395,300,2,100,False
0.7517408449291395,300,2,80,False
0.7517283949889089,270,2,80,False
0.7517283949889089,270,2,60,False
0.7517283949889089,270,2,70,False
0.7517283949889089,270,2,50,False
0.7517283949889089,270,2,90,False
0.7517283949889089,270,2,100,False
0.7516703968806104,300,2,40,False
0.7516496361494351,270,2,40,False
0.7514063447802005,170,4,20,False
0.7513543952663551,170,2,30,False
0.7513324848559495,270,2,30,False
0.7512138509872758,300,2,30,False
0.7511934569956461,255,2,100,False
0.7511934569956461,255,2,50,False
0.7511934569956461,255,2,70,False
0.7511934569956461,255,2,90,False
0.7511934569956461,255,2,60,False
0.7511934569956461,255,2,80,False
0.7511106333880908,255,2,40,False
0.7510297302143609,170,2,50,False
0.7510297302143609,170,2,80,False
0.7510297302143609,170,2,100,False
0.7510297302143609,170,2,90,False
0.7510297302143609,170,2,70,False
0.7510297302143609,170,2,60,False
0.7510297302143609,170,2,40,False
0.7509278929108216,140,4,20,False
0.75090585590553,255,2,30,False
0.7508589077397353,150,2,30,False
0.7507975393485808,230,2,100,False
0.7507975393485808,230,2,70,False
0.7507975393485808,230,2,50,False
0.7507975393485808,230,2,60,False
0.7507975393485808,230,2,90,False
0.7507975393485808,230,2,80,False
0.7507894282292086,150,2,80,False
0.7507894282292086,150,2,60,False
0.7507894282292086,150,2,50,False
0.7507894282292086,150,2,40,False
0.7507894282292086,150,2,100,False
0.7507894282292086,150,2,70,False
0.7507894282292086,150,2,90,False
0.7507793295763554,150,4,20,False
0.7507308530977426,230,2,40,False
0.7506417732175908,230,4,20,False
0.7505808538523929,180,2,30,False
0.750407290510155,180,2,40,False
0.750407290510155,180,2,80,False
0.750407290510155,180,2,50,False
0.750407290510155,180,2,100,False
0.750407290510155,180,2,90,False
0.750407290510155,180,2,60,False
0.750407290510155,180,2,70,False
0.7503574655075875,180,4,20,False
0.7503458411767275,230,2,30,False
0.7503440848146219,200,4,20,False
0.7503376757366322,200,2,70,False
0.7503376757366322,200,2,60,False
0.7503376757366322,200,2,100,False
0.7503376757366322,200,2,90,False
0.7503376757366322,200,2,80,False
0.7503376757366322,200,2,50,False
0.7503226120509294,200,2,30,False
0.7502608283206447,200,2,40,False
0.7501581106837742,140,2,30,False
0.750130189083733,270,4,30,False
0.7501162960424737,300,4,30,False
0.7498473129637466,140,2,90,False
0.7498473129637466,140,2,50,False
0.7498473129637466,140,2,60,False
0.7498473129637466,140,2,80,False
0.7498473129637466,140,2,70,False
0.7498473129637466,140,2,100,False
0.7498473129637466,140,2,40,False
0.7498466334069395,270,2,20,False
0.7498397319479023,160,6,50,False
0.7498397319479023,160,6,90,False
0.7498397319479023,160,6,70,False
0.7498397319479023,160,6,80,False
0.7498397319479023,160,6,100,False
0.7498397319479023,160,6,60,False
0.7498384230318754,270,4,50,False
0.7498384230318754,270,4,40,False
0.7498384230318754,270,4,90,False
0.7498384230318754,270,4,70,False
0.7498384230318754,270,4,80,False
0.7498384230318754,270,4,60,False
0.7498384230318754,270,4,100,False
0.7497814779329107,160,6,40,False
0.7497556837252679,255,4,30,False
0.7497237026632768,300,4,50,False
0.7497237026632768,300,4,80,False
0.7497237026632768,300,4,70,False
0.7497237026632768,300,4,60,False
0.7497237026632768,300,4,40,False
0.7497237026632768,300,4,90,False
0.7497237026632768,300,4,100,False
0.7496970832575608,160,6,30,False
0.7496553900236215,270,6,50,False
0.7496553900236215,270,6,80,False
0.7496553900236215,270,6,90,False
0.7496553900236215,270,6,70,False
0.7496553900236215,270,6,100,False
0.7496553900236215,270,6,60,False
0.749623395949514,270,6,40,False
0.749593791528117,160,6,20,False
0.7494968174957917,160,4,30,False
0.7494887980968776,255,4,60,False
0.7494887980968776,255,4,70,False
0.7494887980968776,255,4,40,False
0.7494887980968776,255,4,80,False
0.7494887980968776,255,4,90,False
0.7494887980968776,255,4,100,False
0.7494887980968776,255,4,50,False
0.7494392444349308,270,6,30,False
0.7494271327610814,255,6,50,False
0.7494271327610814,255,6,80,False
0.7494271327610814,255,6,70,False
0.7494271327610814,255,6,90,False
0.7494271327610814,255,6,100,False
0.7494271327610814,255,6,60,False
0.7493954237294043,300,2,20,False
0.7493915883276294,255,6,40,False
0.749305077291331,300,6,80,False
0.749305077291331,300,6,90,False
0.749305077291331,300,6,70,False
0.749305077291331,300,6,50,False
0.749305077291331,300,6,60,False
0.749305077291331,300,6,100,False
0.7492759538901944,300,6,40,False
0.7492024408621296,170,4,30,False
0.7491939419109177,150,6,70,False
0.7491939419109177,150,6,90,False
0.7491939419109177,150,6,100,False
0.7491939419109177,150,6,60,False
0.7491939419109177,150,6,80,False
0.7491939419109177,150,6,50,False
0.7491703398027983,255,2,20,False
0.74915930567376,255,6,30,False
0.74914966761109,160,8,100,False
0.74914966761109,160,8,70,False
0.74914966761109,160,8,40,False
0.74914966761109,160,8,90,False
0.74914966761109,160,8,80,False
0.74914966761109,160,8,50,False
0.74914966761109,160,8,60,False
0.7491326000645444,150,6,40,False
0.749104612981724,300,6,30,False
0.7491014599878645,270,6,20,False
0.7490880177632301,230,6,90,False
0.7490880177632301,230,6,100,False
0.7490880177632301,230,6,60,False
0.7490880177632301,230,6,70,False
0.7490880177632301,230,6,50,False
0.7490880177632301,230,6,80,False
0.7490488346514381,230,6,40,False
0.748979881970868,160,4,90,False
0.748979881970868,160,4,70,False
0.748979881970868,160,4,40,False
0.748979881970868,160,4,100,False
0.748979881970868,160,4,80,False
0.748979881970868,160,4,50,False
0.748979881970868,160,4,60,False
0.7489587869395115,255,6,20,False
0.7489555805321502,160,8,30,False
0.7489149642372311,150,6,30,False
0.7489049336909203,200,6,50,False
0.7489049336909203,200,6,60,False
0.7489049336909203,200,6,100,False
0.7489049336909203,200,6,70,False
0.7489049336909203,200,6,80,False
0.7489049336909203,200,6,90,False
0.7488839567336398,300,6,20,False
0.7488655764021642,230,6,30,False
0.7488593029790722,200,6,40,False
0.7487675433770391,170,6,80,False
0.7487675433770391,170,6,50,False
0.7487675433770391,170,6,60,False
0.7487675433770391,170,6,100,False
0.7487675433770391,170,6,90,False
0.7487675433770391,170,6,70,False
0.748764605062551,200,6,30,False
0.748734870659207,180,4,30,False
0.7487125877630133,170,6,40,False
0.7486774359379866,170,4,40,False
0.7486774359379866,170,4,80,False
0.7486774359379866,170,4,60,False
0.7486774359379866,170,4,90,False
0.7486774359379866,170,4,70,False
0.7486774359379866,170,4,100,False
0.7486774359379866,170,4,50,False
0.7486423434022156,170,6,30,False
0.748632011529669,230,4,30,False
0.7485898146049849,140,6,100,False
0.7485898146049849,140,6,60,False
0.7485898146049849,140,6,70,False
0.7485898146049849,140,6,50,False
0.7485898146049849,140,6,90,False
0.7485898146049849,140,6,80,False
0.7485388050207399,150,8,100,False
0.7485388050207399,150,8,90,False
0.7485388050207399,150,8,60,False
0.7485388050207399,150,8,70,False
0.7485388050207399,150,8,40,False
0.7485388050207399,150,8,50,False
0.7485388050207399,150,8,80,False
0.7485251608154453,140,6,40,False
0.7484045313412231,230,4,40,False
0.7484045313412231,230,4,50,False
0.7484045313412231,230,4,60,False
0.7484045313412231,230,4,70,False
0.7484045313412231,230,4,90,False
0.7484045313412231,230,4,100,False
0.7484045313412231,230,4,80,False
0.748362706448084,150,4,30,False
0.7483575746945125,200,4,30,False
0.7483492578486601,160,2,20,False
0.748314113243655,150,8,30,False
0.7483087716705106,140,6,30,False
0.7482720198509705,180,4,100,False
0.7482720198509705,180,4,80,False
0.7482720198509705,180,4,50,False
0.7482720198509705,180,4,70,False
0.7482720198509705,180,4,90,False
0.7482720198509705,180,4,60,False
0.7482720198509705,180,4,40,False
0.7482253692895982,170,6,20,False
0.7482064492961618,200,2,20,False
0.7481874977687699,140,4,30,False
0.7481808213709119,230,2,20,False
0.7481431761792422,180,6,70,False
0.7481431761792422,180,6,50,False
0.7481431761792422,180,6,60,False
0.7481431761792422,180,6,100,False
0.7481431761792422,180,6,90,False
0.7481431761792422,180,6,80,False
0.7481359133300826,170,8,90,False
0.7481359133300826,170,8,50,False
0.7481359133300826,170,8,100,False
0.7481359133300826,170,8,80,False
0.7481359133300826,170,8,60,False
0.7481359133300826,170,8,40,False
0.7481359133300826,170,8,70,False
0.7480914836657734,180,6,40,False
0.7480641090378656,200,4,50,False
0.7480641090378656,200,4,80,False
0.7480641090378656,200,4,90,False
0.7480641090378656,200,4,100,False
0.7480641090378656,200,4,40,False
0.7480641090378656,200,4,60,False
0.7480641090378656,200,4,70,False
0.7479866325749734,180,6,30,False
0.7479843964605387,150,6,20,False
0.7479637904316219,255,8,50,False
0.7479637904316219,255,8,100,False
0.7479637904316219,255,8,60,False
0.7479637904316219,255,8,40,False
0.7479637904316219,255,8,80,False
0.7479637904316219,255,8,90,False
0.7479637904316219,255,8,70,False
0.7479592976697068,270,8,60,False
0.7479592976697068,270,8,80,False
0.7479592976697068,270,8,90,False
0.7479592976697068,270,8,70,False
0.7479592976697068,270,8,50,False
0.7479592976697068,270,8,40,False
0.7479592976697068,270,8,100,False
0.7479054140083982,170,8,30,False
0.7478773221616113,300,8,90,False
0.7478773221616113,300,8,50,False
0.7478773221616113,300,8,70,False
0.7478773221616113,300,8,40,False
0.7478773221616113,300,8,60,False
0.7478773221616113,300,8,80,False
0.7478773221616113,300,8,100,False
0.7478426056358438,160,10,60,False
0.7478426056358438,160,10,40,False
0.7478426056358438,160,10,90,False
0.7478426056358438,160,10,50,False
0.7478426056358438,160,10,100,False
0.7478426056358438,160,10,80,False
0.7478426056358438,160,10,70,False
0.7478262811052899,150,4,90,False
0.7478262811052899,150,4,60,False
0.7478262811052899,150,4,80,False
0.7478262811052899,150,4,70,False
0.7478262811052899,150,4,100,False
0.7478262811052899,150,4,50,False
0.7478262811052899,150,4,40,False
0.747780776246189,160,10,20,False
0.7477796053190383,300,8,20,False
0.7477402482700676,140,8,70,False
0.7477402482700676,140,8,80,False
0.7477402482700676,140,8,100,False
0.7477402482700676,140,8,50,False
0.7477402482700676,140,8,40,False
0.7477402482700676,140,8,90,False
0.7477402482700676,140,8,60,False
0.7477118175862101,255,8,30,False
0.7477080781419266,270,8,20,False
0.7477004128106367,270,8,30,False
0.7476569464455587,230,8,100,False
0.7476569464455587,230,8,40,False
0.7476569464455587,230,8,80,False
0.7476569464455587,230,8,50,False
0.7476569464455587,230,8,70,False
0.7476569464455587,230,8,90,False
0.7476569464455587,230,8,60,False
0.7476486257647094,300,8,30,False
0.7476329557734834,140,4,60,False
0.7476329557734834,140,4,40,False
0.7476329557734834,140,4,90,False
0.7476329557734834,140,4,50,False
0.7476329557734834,140,4,70,False
0.7476329557734834,140,4,80,False
0.7476329557734834,140,4,100,False
0.7476291507810501,140,6,20,False
0.7476111269069914,160,10,30,False
0.7476080129356196,170,2,20,False
0.7475831881118357,140,10,100,False
0.7475831881118357,140,10,40,False
0.7475831881118357,140,10,90,False
0.7475831881118357,140,10,80,False
0.7475831881118357,140,10,50,False
0.7475831881118357,140,10,70,False
0.7475831881118357,140,10,60,False
0.7474970134265668,200,8,80,False
0.7474970134265668,200,8,100,False
0.7474970134265668,200,8,50,False
0.7474970134265668,200,8,60,False
0.7474970134265668,200,8,90,False
0.7474970134265668,200,8,40,False
0.7474970134265668,200,8,70,False
0.7474956540551289,140,8,30,False
0.7474360990599314,230,8,30,False
0.7474050530958698,180,2,20,False
0.7473949532375714,140,10,30,False
0.7473405294493013,270,10,70,False
0.7473405294493013,270,10,80,False
0.7473405294493013,270,10,100,False
0.7473405294493013,270,10,90,False
0.7473405294493013,270,10,40,False
0.7473405294493013,270,10,50,False
0.7473405294493013,270,10,60,False
0.7473297737305462,255,8,20,False
0.7473128629937256,180,8,50,False
0.7473128629937256,180,8,70,False
0.7473128629937256,180,8,90,False
0.7473128629937256,180,8,80,False
0.7473128629937256,180,8,100,False
0.7473128629937256,180,8,40,False
0.7473128629937256,180,8,60,False
0.7472625983862408,200,8,30,False
0.7471805943791769,170,10,90,False
0.7471805943791769,170,10,100,False
0.7471805943791769,170,10,80,False
0.7471805943791769,170,10,40,False
0.7471805943791769,170,10,50,False
0.7471805943791769,170,10,70,False
0.7471805943791769,170,10,60,False
0.7471741967528842,270,10,30,False
0.7471733251737527,230,6,20,False
0.747102308370488,255,10,90,False
0.747102308370488,255,10,100,False
0.747102308370488,255,10,50,False
0.747102308370488,255,10,70,False
0.747102308370488,255,10,80,False
0.747102308370488,255,10,60,False
0.747102308370488,255,10,40,False
0.7471020549428313,180,6,20,False
0.7470602759758571,140,10,20,False
0.7470471658979376,180,8,30,False
0.7470459903511164,300,10,90,False
0.7470459903511164,300,10,60,False
0.7470459903511164,300,10,80,False
0.7470459903511164,300,10,50,False
0.7470459903511164,300,10,40,False
0.7470459903511164,300,10,70,False
0.7470459903511164,300,10,100,False
0.7469630169183278,170,10,30,False
0.7469588565578047,270,10,20,False
0.7469343089874197,300,10,30,False
0.7469254139434832,255,10,30,False
0.7469202261655742,180,10,90,False
0.7469202261655742,180,10,70,False
0.7469202261655742,180,10,100,False
0.7469202261655742,180,10,80,False
0.7469202261655742,180,10,50,False
0.7469202261655742,180,10,40,False
0.7469202261655742,180,10,60,False
0.74691939581168,150,10,80,False
0.74691939581168,150,10,70,False
0.74691939581168,150,10,60,False
0.74691939581168,150,10,100,False
0.74691939581168,150,10,90,False
0.74691939581168,150,10,50,False
0.74691939581168,150,10,40,False
0.7468441392876592,150,2,20,False
0.7468245168979755,170,10,20,False
0.7467722702547535,200,10,70,False
0.7467722702547535,200,10,60,False
0.7467722702547535,200,10,90,False
0.7467722702547535,200,10,100,False
0.7467722702547535,200,10,40,False
0.7467722702547535,200,10,80,False
0.7467722702547535,200,10,50,False
0.7467531510928431,230,10,40,False
0.7467531510928431,230,10,100,False
0.7467531510928431,230,10,70,False
0.7467531510928431,230,10,80,False
0.7467531510928431,230,10,50,False
0.7467531510928431,230,10,90,False
0.7467531510928431,230,10,60,False
0.746731844256218,200,6,20,False
0.7466876695763816,230,8,20,False
0.7466775190348258,150,10,30,False
0.7466634712324876,180,10,30,False
0.746611277549451,300,10,20,False
0.7465981132459618,255,10,20,False
0.7465550029882762,230,10,30,False
0.7465387949497935,200,10,30,False
0.7465115121251931,160,8,20,False
0.7464299069001591,150,10,20,False
0.746356322222198,140,2,20,False
0.7459463035436235,160,12,30,False
0.7459454298832927,160,12,80,False
0.7459454298832927,160,12,40,False
0.7459454298832927,160,12,100,False
0.7459454298832927,160,12,70,False
0.7459454298832927,160,12,50,False
0.7459454298832927,160,12,90,False
0.7459454298832927,160,12,60,False
0.7459321069412447,170,8,20,False
0.7458524030107095,180,10,20,False
0.7457501021245115,200,10,20,False
0.7457148237105997,200,8,20,False
0.745709764022847,230,10,20,False
0.7455175247324497,300,12,70,False
0.7455175247324497,300,12,90,False
0.7455175247324497,300,12,50,False
0.7455175247324497,300,12,100,False
0.7455175247324497,300,12,80,False
0.7455175247324497,300,12,60,False
0.7455175247324497,300,12,40,False
0.7455078624530306,140,8,20,False
0.7454737110883395,180,8,20,False
0.7454702311892412,270,12,70,False
0.7454702311892412,270,12,60,False
0.7454702311892412,270,12,90,False
0.7454702311892412,270,12,40,False
0.7454702311892412,270,12,80,False
0.7454702311892412,270,12,100,False
0.7454702311892412,270,12,50,False
0.7454379083130194,300,12,30,False
0.7453885692264093,270,12,30,False
0.7453018091130214,150,8,20,False
0.7449627767999862,170,12,30,False
0.7449611129210064,170,12,40,False
0.7449611129210064,170,12,80,False
0.7449611129210064,170,12,50,False
0.7449611129210064,170,12,60,False
0.7449611129210064,170,12,90,False
0.7449611129210064,170,12,100,False
0.7449611129210064,170,12,70,False
0.7449483422317182,255,12,80,False
0.7449483422317182,255,12,50,False
0.7449483422317182,255,12,60,False
0.7449483422317182,255,12,90,False
0.7449483422317182,255,12,70,False
0.7449483422317182,255,12,40,False
0.7449483422317182,255,12,100,False
0.744882042489016,150,12,60,False
0.744882042489016,150,12,40,False
0.744882042489016,150,12,80,False
0.744882042489016,150,12,90,False
0.744882042489016,150,12,100,False
0.744882042489016,150,12,50,False
0.744882042489016,150,12,70,False
0.7448812910109928,150,12,30,False
0.7448615007858637,255,12,30,False
0.7444086901301142,140,12,50,False
0.7444086901301142,140,12,70,False
0.7444086901301142,140,12,80,False
0.7444086901301142,140,12,40,False
0.7444086901301142,140,12,100,False
0.7444086901301142,140,12,90,False
0.7444086901301142,140,12,60,False
0.7444079165807758,140,12,30,False
0.7439753838838303,230,12,70,False
0.7439753838838303,230,12,80,False
0.7439753838838303,230,12,40,False
0.7439753838838303,230,12,60,False
0.7439753838838303,230,12,90,False
0.7439753838838303,230,12,50,False
0.7439753838838303,230,12,100,False
0.7439335854234267,230,12,30,False
0.7438723985519717,270,12,20,False
0.7438206857343052,300,12,20,False
0.7437484894527284,180,12,30,False
0.7437475471815602,180,12,70,False
0.7437475471815602,180,12,100,False
0.7437475471815602,180,12,80,False
0.7437475471815602,180,12,50,False
0.7437475471815602,180,12,40,False
0.7437475471815602,180,12,60,False
0.7437475471815602,180,12,90,False
0.7437039184811216,160,12,20,False
0.7436868179923064,200,12,30,False
0.743683450912525,200,12,100,False
0.743683450912525,200,12,90,False
0.743683450912525,200,12,50,False
0.743683450912525,200,12,60,False
0.743683450912525,200,12,80,False
0.743683450912525,200,12,40,False
0.743683450912525,200,12,70,False
0.7436757433682449,255,12,20,False
0.7433768809246485,170,12,20,False
0.7432030387942686,160,14,70,False
0.7432030387942686,160,14,80,False
0.7432030387942686,160,14,60,False
0.7432030387942686,160,14,100,False
0.7432030387942686,160,14,90,False
0.7432030387942686,160,14,50,False
0.7432030387942686,160,14,40,False
0.7431743543965265,160,14,30,False
0.7428882192513602,160,14,20,False
0.7427856697942191,230,12,20,False
0.742533790572035,150,12,20,False
0.742287788484002,180,12,20,False
0.7421793435323039,170,14,90,False
0.7421793435323039,170,14,60,False
0.7421793435323039,170,14,100,False
0.7421793435323039,170,14,70,False
0.7421793435323039,170,14,50,False
0.7421793435323039,170,14,80,False
0.7421793435323039,170,14,40,False
0.742174141529303,200,12,20,False
0.7421620585893779,170,14,20,False
0.7421529508049897,170,14,30,False
0.7420972086657028,270,14,30,False
0.7420937285970436,300,14,30,False
0.7420858816727915,300,14,80,False
0.7420858816727915,300,14,40,False
0.7420858816727915,300,14,60,False
0.7420858816727915,300,14,90,False
0.7420858816727915,300,14,50,False
0.7420858816727915,300,14,70,False
0.7420858816727915,300,14,100,False
0.742085456835013,270,14,100,False
0.742085456835013,270,14,40,False
0.742085456835013,270,14,90,False
0.742085456835013,270,14,70,False
0.742085456835013,270,14,80,False
0.742085456835013,270,14,60,False
0.742085456835013,270,14,50,False
0.7420384302976248,300,14,20,False
0.7418934405680531,255,14,30,False
0.7418849999667283,255,14,20,False
0.741880640440925,255,14,50,False
0.741880640440925,255,14,60,False
0.741880640440925,255,14,70,False
0.741880640440925,255,14,80,False
0.741880640440925,255,14,90,False
0.741880640440925,255,14,100,False
0.741880640440925,255,14,40,False
0.7417882067348298,270,14,20,False
0.7416275769453952,140,14,50,False
0.7416275769453952,140,14,80,False
0.7416275769453952,140,14,40,False
0.7416275769453952,140,14,60,False
0.7416275769453952,140,14,90,False
0.7416275769453952,140,14,100,False
0.7416275769453952,140,14,70,False
0.7415969505582601,140,14,30,False
0.7415676751738364,150,14,70,False
0.7415676751738364,150,14,40,False
0.7415676751738364,150,14,80,False
0.7415676751738364,150,14,100,False
0.7415676751738364,150,14,90,False
0.7415676751738364,150,14,60,False
0.7415676751738364,150,14,50,False
0.7415385403089717,150,14,30,False
0.7414615207963136,140,14,20,False
0.7414569977966796,140,12,20,False
0.7413375242682845,150,14,20,False
0.74127241188748,230,14,20,False
0.7411913263545374,160,16,30,False
0.7411700617597854,160,16,70,False
0.7411700617597854,160,16,60,False
0.7411700617597854,160,16,50,False
0.7411700617597854,160,16,90,False
0.7411700617597854,160,16,100,False
0.7411700617597854,160,16,80,False
0.7411700617597854,160,16,40,False
0.7411494679547683,180,14,80,False
0.7411494679547683,180,14,90,False
0.7411494679547683,180,14,70,False
0.7411494679547683,180,14,60,False
0.7411494679547683,180,14,40,False
0.7411494679547683,180,14,100,False
0.7411494679547683,180,14,50,False
0.7411241998991926,180,14,30,False
0.7411227595589727,230,14,30,False
0.7411079799773534,230,14,80,False
0.7411079799773534,230,14,60,False
0.7411079799773534,230,14,70,False
0.7411079799773534,230,14,50,False
0.7411079799773534,230,14,100,False
0.7411079799773534,230,14,40,False
0.7411079799773534,230,14,90,False
0.7410835007995058,150,16,30,False
0.741060955815483,150,16,40,False
0.741060955815483,150,16,60,False
0.741060955815483,150,16,100,False
0.741060955815483,150,16,50,False
0.741060955815483,150,16,70,False
0.741060955815483,150,16,80,False
0.741060955815483,150,16,90,False
0.7409349248874063,180,14,20,False
0.740910942443294,270,16,30,False
0.7409077017495922,270,16,50,False
0.7409077017495922,270,16,40,False
0.7409077017495922,270,16,100,False
0.7409077017495922,270,16,70,False
0.7409077017495922,270,16,80,False
0.7409077017495922,270,16,90,False
0.7409077017495922,270,16,60,False
0.7408745330451687,300,16,30,False
0.7408719583701857,300,16,60,False
0.7408719583701857,300,16,80,False
0.7408719583701857,300,16,90,False
0.7408719583701857,300,16,40,False
0.7408719583701857,300,16,50,False
0.7408719583701857,300,16,70,False
0.7408719583701857,300,16,100,False
0.7407774237861482,200,14,30,False
0.7407742935430484,140,16,30,False
0.7407608514144963,200,14,60,False
0.7407608514144963,200,14,80,False
0.7407608514144963,200,14,70,False
0.7407608514144963,200,14,50,False
0.7407608514144963,200,14,100,False
0.7407608514144963,200,14,90,False
0.7407608514144963,200,14,40,False
0.7407500987261827,140,16,50,False
0.7407500987261827,140,16,80,False
0.7407500987261827,140,16,70,False
0.7407500987261827,140,16,90,False
0.7407500987261827,140,16,100,False
0.7407500987261827,140,16,60,False
0.7407500987261827,140,16,40,False
0.7407022124230994,200,14,20,False
0.7404119045680775,300,16,20,False
0.7403867470472747,160,16,20,False
0.740361221264757,270,16,20,False
0.7403597489940037,170,16,30,False
0.7403393990039747,170,16,80,False
0.7403393990039747,170,16,100,False
0.7403393990039747,170,16,70,False
0.7403393990039747,170,16,60,False
0.7403393990039747,170,16,90,False
0.7403393990039747,170,16,50,False
0.7403393990039747,170,16,40,False
0.7403335938382108,255,16,30,False
0.7403304862370558,255,16,60,False
0.7403304862370558,255,16,80,False
0.7403304862370558,255,16,90,False
0.7403304862370558,255,16,40,False
0.7403304862370558,255,16,100,False
0.7403304862370558,255,16,70,False
0.7403304862370558,255,16,50,False
0.7399509164378454,255,16,20,False
0.7399350230006674,140,16,20,False
0.7397394242395682,160,20,20,False
0.7396290627588897,150,16,20,False
0.7395169833053814,180,16,30,False
0.7394974898211617,180,16,100,False
0.7394974898211617,180,16,90,False
0.7394974898211617,180,16,80,False
0.7394974898211617,180,16,70,False
0.7394974898211617,180,16,40,False
0.7394974898211617,180,16,60,False
0.7394974898211617,180,16,50,False
0.7394611622077181,230,16,30,False
0.7394459792061342,230,16,90,False
0.7394459792061342,230,16,100,False
0.7394459792061342,230,16,60,False
0.7394459792061342,230,16,40,False
0.7394459792061342,230,16,70,False
0.7394459792061342,230,16,50,False
0.7394459792061342,230,16,80,False
0.7392276699653366,170,16,20,False
0.7391472312488796,230,16,20,False
0.7391188802898141,200,16,30,False
0.7391120525717785,160,18,20,False
0.7391014309377761,200,16,100,False
0.7391014309377761,200,16,40,False
0.7391014309377761,200,16,90,False
0.7391014309377761,200,16,60,False
0.7391014309377761,200,16,50,False
0.7391014309377761,200,16,70,False
0.7391014309377761,200,16,80,False
0.7387223611894553,140,20,20,False
0.7384907941734644,200,16,20,False
0.7384316861977134,180,16,20,False
0.7384216143577993,150,20,20,False
0.7383156946950508,270,18,30,False
0.7382500100534803,270,18,60,False
0.7382500100534803,270,18,70,False
0.7382500100534803,270,18,40,False
0.7382500100534803,270,18,90,False
0.7382500100534803,270,18,100,False
0.7382500100534803,270,18,50,False
0.7382500100534803,270,18,80,False
0.7382110715153285,170,20,20,False
0.7381541063457482,270,18,20,False
0.7380695546037916,160,20,40,False
0.7380695546037916,160,20,60,False
0.7380695546037916,160,20,30,False
0.7380695546037916,160,20,100,False
0.7380695546037916,160,20,70,False
0.7380695546037916,160,20,50,False
0.7380695546037916,160,20,90,False
0.7380695546037916,160,20,80,False
0.7378553620932342,150,18,20,False
0.7378348503390108,300,18,30,False
0.7377864745947688,170,18,20,False
0.7377776092952181,300,18,20,False
0.7377539734257317,300,18,40,False
0.7377539734257317,300,18,80,False
0.7377539734257317,300,18,90,False
0.7377539734257317,300,18,100,False
0.7377539734257317,300,18,60,False
0.7377539734257317,300,18,50,False
0.7377539734257317,300,18,70,False
0.7377432600278928,160,18,30,False
0.7376493021565593,255,18,30,False
0.7376426677944151,160,18,40,False
0.7376426677944151,160,18,70,False
0.7376426677944151,160,18,80,False
0.7376426677944151,160,18,50,False
0.7376426677944151,160,18,100,False
0.7376426677944151,160,18,90,False
0.7376426677944151,160,18,60,False
0.7375781371167018,255,18,40,False
0.7375781371167018,255,18,80,False
0.7375781371167018,255,18,100,False
0.7375781371167018,255,18,70,False
0.7375781371167018,255,18,90,False
0.7375781371167018,255,18,60,False
0.7375781371167018,255,18,50,False
0.7374027833624803,255,18,20,False
0.7373664201027029,270,20,20,False
0.7371508714340782,180,20,20,False
0.7370585730234958,140,18,20,False
0.7370524828571898,300,20,20,False
0.7369677641272272,200,18,20,False
0.7368257989086753,270,20,90,False
0.7368257989086753,270,20,40,False
0.7368257989086753,270,20,30,False
0.7368257989086753,270,20,60,False
0.7368257989086753,270,20,100,False
0.7368257989086753,270,20,70,False
0.7368257989086753,270,20,50,False
0.7368257989086753,270,20,80,False
0.7368193179588383,300,20,30,False
0.7368193179588383,300,20,40,False
0.7368193179588383,300,20,60,False
0.7368193179588383,300,20,70,False
0.7368193179588383,300,20,50,False
0.7368193179588383,300,20,90,False
0.7368193179588383,300,20,80,False
0.7368193179588383,300,20,100,False
0.7367887667932167,170,18,30,False
0.7367479747490804,255,20,20,False
0.7367311887032344,150,20,30,False
0.7367311887032344,150,20,70,False
0.7367311887032344,150,20,90,False
0.7367311887032344,150,20,80,False
0.7367311887032344,150,20,50,False
0.7367311887032344,150,20,40,False
0.7367311887032344,150,20,100,False
0.7367311887032344,150,20,60,False
0.7367199943586665,170,20,70,False
0.7367199943586665,170,20,50,False
0.7367199943586665,170,20,100,False
0.7367199943586665,170,20,40,False
0.7367199943586665,170,20,30,False
0.7367199943586665,170,20,90,False
0.7367199943586665,170,20,60,False
0.7367199943586665,170,20,80,False
0.7367137817895937,230,18,20,False
0.7366925498407871,170,18,70,False
0.7366925498407871,170,18,80,False
0.7366925498407871,170,18,100,False
0.7366925498407871,170,18,90,False
0.7366925498407871,170,18,50,False
0.7366925498407871,170,18,60,False
0.7366925498407871,170,18,40,False
0.7366902093861951,230,18,30,False
0.7366363119819093,180,18,20,False
0.7366107070107726,230,18,80,False
0.7366107070107726,230,18,70,False
0.7366107070107726,230,18,100,False
0.7366107070107726,230,18,40,False
0.7366107070107726,230,18,60,False
0.7366107070107726,230,18,90,False
0.7366107070107726,230,18,50,False
0.7364078906504615,140,20,70,False
0.7364078906504615,140,20,100,False
0.7364078906504615,140,20,40,False
0.7364078906504615,140,20,30,False
0.7364078906504615,140,20,90,False
0.7364078906504615,140,20,50,False
0.7364078906504615,140,20,60,False
0.7364078906504615,140,20,80,False
0.7362735845266369,200,18,30,False
0.7361807821635562,200,18,80,False
0.7361807821635562,200,18,100,False
0.7361807821635562,200,18,50,False
0.7361807821635562,200,18,40,False
0.7361807821635562,200,18,90,False
0.7361807821635562,200,18,70,False
0.7361807821635562,200,18,60,False
0.7361770385648805,150,18,30,False
0.7361600631301334,255,20,30,False
0.7361600631301334,255,20,90,False
0.7361600631301334,255,20,70,False
0.7361600631301334,255,20,50,False
0.7361600631301334,255,20,60,False
0.7361600631301334,255,20,80,False
0.7361600631301334,255,20,100,False
0.7361600631301334,255,20,40,False
0.7360975176290869,150,18,60,False
0.7360975176290869,150,18,40,False
0.7360975176290869,150,18,90,False
0.7360975176290869,150,18,80,False
0.7360975176290869,150,18,100,False
0.7360975176290869,150,18,70,False
0.7360975176290869,150,18,50,False
0.7360285478434836,180,18,30,False
0.7359647539408647,140,18,30,False
0.7359595539523289,230,20,20,False
0.7359372220181086,180,18,100,False
0.7359372220181086,180,18,40,False
0.7359372220181086,180,18,50,False
0.7359372220181086,180,18,80,False
0.7359372220181086,180,18,70,False
0.7359372220181086,180,18,60,False
0.7359372220181086,180,18,90,False
0.7358783432407332,140,18,70,False
0.7358783432407332,140,18,60,False
0.7358783432407332,140,18,90,False
0.7358783432407332,140,18,50,False
0.7358783432407332,140,18,80,False
0.7358783432407332,140,18,100,False
0.7358783432407332,140,18,40,False
0.7357793780936064,200,20,20,False
0.7356021961878996,180,20,100,False
0.7356021961878996,180,20,70,False
0.7356021961878996,180,20,60,False
0.7356021961878996,180,20,90,False
0.7356021961878996,180,20,40,False
0.7356021961878996,180,20,50,False
0.7356021961878996,180,20,30,False
0.7356021961878996,180,20,80,False
0.7353071938029976,230,20,70,False
0.7353071938029976,230,20,40,False
0.7353071938029976,230,20,60,False
0.7353071938029976,230,20,80,False
0.7353071938029976,230,20,100,False
0.7353071938029976,230,20,90,False
0.7353071938029976,230,20,30,False
0.7353071938029976,230,20,50,False
0.7348243732492614,200,20,90,False
0.7348243732492614,200,20,70,False
0.7348243732492614,200,20,100,False
0.7348243732492614,200,20,60,False
0.7348243732492614,200,20,30,False
0.7348243732492614,200,20,50,False
0.7348243732492614,200,20,40,False
0.7348243732492614,200,20,80,False
0.7310393623781506,140,6,20,True
0.7309684944091938,160,6,20,True
0.730851915326556,160,2,30,True
0.7308221134770041,300,2,30,True
0.7307492971447506,270,2,30,True
0.7305010281016437,270,2,100,True
0.7305010281016437,270,2,70,True
0.7305010281016437,270,2,80,True
0.7305010281016437,270,2,60,True
0.7305010281016437,270,2,90,True
0.7305010281016437,270,2,40,True
0.7305010281016437,270,2,50,True
0.7304969920645208,300,2,60,True
0.7304969920645208,300,2,90,True
0.7304969920645208,300,2,80,True
0.7304969920645208,300,2,50,True
0.7304969920645208,300,2,70,True
0.7304969920645208,300,2,40,True
0.7304969920645208,300,2,100,True
0.7304742494463633,160,2,50,True
0.7304742494463633,160,2,70,True
0.7304742494463633,160,2,80,True
0.7304742494463633,160,2,40,True
0.7304742494463633,160,2,60,True
0.7304742494463633,160,2,90,True
0.7304742494463633,160,2,100,True
0.7304114383116321,160,6,30,True
0.7303348810986868,270,6,30,True
0.7303023564758224,255,2,30,True
0.7302762691926098,270,6,40,True
0.7302762691926098,270,6,50,True
0.7302762691926098,270,6,60,True
0.7302762691926098,270,6,80,True
0.7302762691926098,270,6,90,True
0.7302762691926098,270,6,100,True
0.7302762691926098,270,6,70,True
0.730268929702693,160,6,70,True
0.730268929702693,160,6,40,True
0.730268929702693,160,6,80,True
0.730268929702693,160,6,90,True
0.730268929702693,160,6,60,True
0.730268929702693,160,6,100,True
0.730268929702693,160,6,50,True
0.7301557488003817,270,6,20,True
0.7301365264884259,170,6,20,True
0.7300873617013685,150,6,20,True
0.7300120053990664,255,2,70,True
0.7300120053990664,255,2,40,True
0.7300120053990664,255,2,100,True
0.7300120053990664,255,2,90,True
0.7300120053990664,255,2,80,True
0.7300120053990664,255,2,60,True
0.7300120053990664,255,2,50,True
0.7300000820576573,270,4,40,True
0.7300000820576573,270,4,70,True
0.7300000820576573,270,4,100,True
0.7300000820576573,270,4,60,True
0.7300000820576573,270,4,50,True
0.7300000820576573,270,4,80,True
0.7300000820576573,270,4,90,True
0.7299202871065501,255,6,30,True
0.729861103994336,255,6,90,True
0.729861103994336,255,6,50,True
0.729861103994336,255,6,100,True
0.729861103994336,255,6,40,True
0.729861103994336,255,6,80,True
0.729861103994336,255,6,70,True
0.729861103994336,255,6,60,True
0.7298286564982226,230,6,30,True
0.7298264748639605,255,6,20,True
0.7297627237945368,230,6,80,True
0.7297627237945368,230,6,50,True
0.7297627237945368,230,6,40,True
0.7297627237945368,230,6,70,True
0.7297627237945368,230,6,90,True
0.7297627237945368,230,6,100,True
0.7297627237945368,230,6,60,True
0.7297397190570358,160,4,50,True
0.7297397190570358,160,4,60,True
0.7297397190570358,160,4,100,True
0.7297397190570358,160,4,90,True
0.7297397190570358,160,4,40,True
0.7297397190570358,160,4,70,True
0.7297397190570358,160,4,80,True
0.7297385499306447,170,6,30,True
0.7297307143272037,270,4,30,True
0.7296928662970178,170,2,30,True
0.7296310762125098,300,2,20,True
0.7296030936875602,170,6,90,True
0.7296030936875602,170,6,70,True
0.7296030936875602,170,6,80,True
0.7296030936875602,170,6,40,True
0.7296030936875602,170,6,100,True
0.7296030936875602,170,6,50,True
0.7296030936875602,170,6,60,True
0.7295885142089125,255,4,50,True
0.7295885142089125,255,4,80,True
0.7295885142089125,255,4,70,True
0.7295885142089125,255,4,60,True
0.7295885142089125,255,4,40,True
0.7295885142089125,255,4,100,True
0.7295885142089125,255,4,90,True
0.7295243095977617,150,2,30,True
0.7295129756504023,270,4,20,True
0.7294889743161648,140,4,90,True
0.7294889743161648,140,4,80,True
0.7294889743161648,140,4,40,True
0.7294889743161648,140,4,100,True
0.7294889743161648,140,4,70,True
0.7294889743161648,140,4,50,True
0.7294889743161648,140,4,60,True
0.7294477395180916,230,6,20,True
0.7294248831493061,230,2,30,True
0.7294245105052986,200,2,30,True
0.7293950468705782,200,6,30,True
0.7293940664065337,180,6,20,True
0.7293845809323622,160,4,30,True
0.7293570955787569,200,6,20,True
0.7293512411939336,160,4,20,True
0.7293423011801234,300,4,90,True
0.7293423011801234,300,4,50,True
0.7293423011801234,300,4,60,True
0.7293423011801234,300,4,100,True
0.7293423011801234,300,4,70,True
0.7293423011801234,300,4,40,True
0.7293423011801234,300,4,80,True
0.7292873937232354,200,6,50,True
0.7292873937232354,200,6,70,True
0.7292873937232354,200,6,60,True
0.7292873937232354,200,6,80,True
0.7292873937232354,200,6,90,True
0.7292873937232354,200,6,100,True
0.7292873937232354,200,6,40,True
0.729263990794691,255,4,30,True
0.7292088937985659,170,2,40,True
0.7292088937985659,170,2,60,True
0.7292088937985659,170,2,50,True
0.7292088937985659,170,2,90,True
0.7292088937985659,170,2,100,True
0.7292088937985659,170,2,80,True
0.7292088937985659,170,2,70,True
0.7291800121363312,140,2,30,True
0.7291560052624918,140,4,30,True
0.7291507616315818,300,6,20,True
0.7291493158468803,200,2,40,True
0.7291493158468803,200,2,80,True
0.7291493158468803,200,2,100,True
0.7291493158468803,200,2,70,True
0.7291493158468803,200,2,90,True
0.7291493158468803,200,2,50,True
0.7291493158468803,200,2,60,True
0.7291404876466079,180,2,30,True
0.7291358244485405,230,2,100,True
0.7291358244485405,230,2,90,True
0.7291358244485405,230,2,40,True
0.7291358244485405,230,2,60,True
0.7291358244485405,230,2,70,True
0.7291358244485405,230,2,50,True
0.7291358244485405,230,2,80,True
0.7290861747513311,300,6,30,True
0.7290834434924643,150,6,30,True
0.7290726943668404,150,2,90,True
0.7290726943668404,150,2,60,True
0.7290726943668404,150,2,80,True
0.7290726943668404,150,2,40,True
0.7290726943668404,150,2,100,True
0.7290726943668404,150,2,70,True
0.7290726943668404,150,2,50,True
0.7290345743498164,300,4,30,True
0.7290202258441336,150,4,100,True
0.7290202258441336,150,4,40,True
0.7290202258441336,150,4,80,True
0.7290202258441336,150,4,70,True
0.7290202258441336,150,4,50,True
0.7290202258441336,150,4,60,True
0.7290202258441336,150,4,90,True
0.7290140979348594,300,6,100,True
0.7290140979348594,300,6,80,True
0.7290140979348594,300,6,60,True
0.7290140979348594,300,6,90,True
0.7290140979348594,300,6,70,True
0.7290140979348594,300,6,50,True
0.7290140979348594,300,6,40,True
0.7289906473610902,255,4,20,True
0.7289307120376447,150,6,70,True
0.7289307120376447,150,6,80,True
0.7289307120376447,150,6,60,True
0.7289307120376447,150,6,40,True
0.7289307120376447,150,6,50,True
0.7289307120376447,150,6,100,True
0.7289307120376447,150,6,90,True
0.7288809460611517,300,4,20,True
0.7288725128729949,270,2,20,True
0.7288493726278451,230,4,100,True
0.7288493726278451,230,4,90,True
0.7288493726278451,230,4,40,True
0.7288493726278451,230,4,70,True
0.7288493726278451,230,4,50,True
0.7288493726278451,230,4,80,True
0.7288493726278451,230,4,60,True
0.7287927278304884,180,2,40,True
0.7287927278304884,180,2,50,True
0.7287927278304884,180,2,60,True
0.7287927278304884,180,2,100,True
0.7287927278304884,180,2,70,True
0.7287927278304884,180,2,90,True
0.7287927278304884,180,2,80,True
0.728752894690391,140,2,60,True
0.728752894690391,140,2,80,True
0.728752894690391,140,2,90,True
0.728752894690391,140,2,50,True
0.728752894690391,140,2,40,True
0.728752894690391,140,2,70,True
0.728752894690391,140,2,100,True
0.7286857966975593,150,4,30,True
0.7286805523640553,180,6,30,True
0.7286611925617061,170,4,50,True
0.7286611925617061,170,4,90,True
0.7286611925617061,170,4,60,True
0.7286611925617061,170,4,80,True
0.7286611925617061,170,4,100,True
0.7286611925617061,170,4,40,True
0.7286611925617061,170,4,70,True
0.7286291255257558,140,6,30,True
0.7285663775788208,255,2,20,True
0.7285583987569723,180,6,60,True
0.7285583987569723,180,6,100,True
0.7285583987569723,180,6,70,True
0.7285583987569723,180,6,50,True
0.7285583987569723,180,6,80,True
0.7285583987569723,180,6,40,True
0.7285583987569723,180,6,90,True
0.7285344543470363,230,4,30,True
0.7285173610089403,140,6,80,True
0.7285173610089403,140,6,100,True
0.7285173610089403,140,6,40,True
0.7285173610089403,140,6,50,True
0.7285173610089403,140,6,90,True
0.7285173610089403,140,6,60,True
0.7285173610089403,140,6,70,True
0.7284628992376087,170,4,20,True
0.7283226556168542,170,4,30,True
0.7282137653434291,160,2,20,True
0.7281395928533563,200,4,20,True
0.7279569847500543,230,4,20,True
0.727726261751514,160,8,50,True
0.727726261751514,160,8,40,True
0.727726261751514,160,8,80,True
0.727726261751514,160,8,70,True
0.727726261751514,160,8,100,True
0.727726261751514,160,8,60,True
0.727726261751514,160,8,90,True
0.7277009288278615,150,4,20,True
0.7276926977144118,160,8,30,True
0.7276863137250513,180,4,100,True
0.7276863137250513,180,4,40,True
0.7276863137250513,180,4,80,True
0.7276863137250513,180,4,50,True
0.7276863137250513,180,4,90,True
0.7276863137250513,180,4,70,True
0.7276863137250513,180,4,60,True
0.7276496931657032,180,4,20,True
0.7276341081260855,200,4,90,True
0.7276341081260855,200,4,40,True
0.7276341081260855,200,4,60,True
0.7276341081260855,200,4,100,True
0.7276341081260855,200,4,70,True
0.7276341081260855,200,4,50,True
0.7276341081260855,200,4,80,True
0.727559385204899,230,2,20,True
0.7274680659433186,200,2,20,True
0.7274223482214633,170,2,20,True
0.7273650363989692,180,4,30,True
0.7272784226135245,200,4,30,True
0.7272059145875454,140,4,20,True
0.7268892921068794,270,8,30,True
0.7268490306136645,270,8,90,True
0.7268490306136645,270,8,60,True
0.7268490306136645,270,8,100,True
0.7268490306136645,270,8,40,True
0.7268490306136645,270,8,70,True
0.7268490306136645,270,8,50,True
0.7268490306136645,270,8,80,True
0.7268397976072326,170,8,40,True
0.7268397976072326,170,8,50,True
0.7268397976072326,170,8,70,True
0.7268397976072326,170,8,60,True
0.7268397976072326,170,8,90,True
0.7268397976072326,170,8,80,True
0.7268397976072326,170,8,100,True
0.7268062811586076,170,8,30,True
0.7266734586851389,140,2,20,True
0.726672782054055,150,8,80,True
0.726672782054055,150,8,70,True
0.726672782054055,150,8,40,True
0.726672782054055,150,8,90,True
0.726672782054055,150,8,50,True
0.726672782054055,150,8,100,True
0.726672782054055,150,8,60,True
0.7266626805838128,150,2,20,True
0.7266372556260182,150,8,30,True
0.7265927697443532,140,8,60,True
0.7265927697443532,140,8,90,True
0.7265927697443532,140,8,100,True
0.7265927697443532,140,8,80,True
0.7265927697443532,140,8,70,True
0.7265927697443532,140,8,50,True
0.7265927697443532,140,8,40,True
0.7265697304380534,180,2,20,True
0.7265551861153254,140,8,30,True
0.7264924499210121,200,8,80,True
0.7264924499210121,200,8,40,True
0.7264924499210121,200,8,100,True
0.7264924499210121,200,8,90,True
0.7264924499210121,200,8,70,True
0.7264924499210121,200,8,50,True
0.7264924499210121,200,8,60,True
0.726453779747606,200,8,30,True
0.7263139861616897,160,8,20,True
0.7262653155490321,255,8,30,True
0.7262587402265304,170,8,20,True
0.7262265779796072,180,8,100,True
0.7262265779796072,180,8,60,True
0.7262265779796072,180,8,50,True
0.7262265779796072,180,8,40,True
0.7262265779796072,180,8,80,True
0.7262265779796072,180,8,70,True
0.7262265779796072,180,8,90,True
0.7262254043836138,255,8,90,True
0.7262254043836138,255,8,50,True
0.7262254043836138,255,8,100,True
0.7262254043836138,255,8,60,True
0.7262254043836138,255,8,80,True
0.7262254043836138,255,8,70,True
0.7262254043836138,255,8,40,True
0.726195731609012,300,8,60,True
0.726195731609012,300,8,40,True
0.726195731609012,300,8,90,True
0.726195731609012,300,8,100,True
0.726195731609012,300,8,50,True
0.726195731609012,300,8,70,True
0.726195731609012,300,8,80,True
0.726195469770116,180,8,30,True
0.726165341517943,300,8,30,True
0.7260078390418288,230,8,60,True
0.7260078390418288,230,8,40,True
0.7260078390418288,230,8,100,True
0.7260078390418288,230,8,70,True
0.7260078390418288,230,8,80,True
0.7260078390418288,230,8,50,True
0.7260078390418288,230,8,90,True
0.7260058489922647,230,8,30,True
0.7259925591359317,270,8,20,True
0.7256258218657516,270,10,30,True
0.7255933244977378,160,10,30,True
0.7255925620310972,270,10,80,True
0.7255925620310972,270,10,50,True
0.7255925620310972,270,10,60,True
0.7255925620310972,270,10,100,True
0.7255925620310972,270,10,70,True
0.7255925620310972,270,10,40,True
0.7255925620310972,270,10,90,True
0.7255593950372413,180,8,20,True
0.7255543230722525,160,10,70,True
0.7255543230722525,160,10,60,True
0.7255543230722525,160,10,40,True
0.7255543230722525,160,10,50,True
0.7255543230722525,160,10,80,True
0.7255543230722525,160,10,90,True
0.7255543230722525,160,10,100,True
0.725443695022206,255,8,20,True
0.7254425728354812,300,10,30,True
0.7253938241595193,300,10,70,True
0.7253938241595193,300,10,60,True
0.7253938241595193,300,10,100,True
0.7253938241595193,300,10,80,True
0.7253938241595193,300,10,50,True
0.7253938241595193,300,10,40,True
0.7253938241595193,300,10,90,True
0.7253840954944464,200,8,20,True
0.7251471915834328,255,10,30,True
0.725146883619788,300,8,20,True
0.7251040444308403,255,10,50,True
0.7251040444308403,255,10,90,True
0.7251040444308403,255,10,40,True
0.7251040444308403,255,10,80,True
0.7251040444308403,255,10,100,True
0.7251040444308403,255,10,60,True
0.7251040444308403,255,10,70,True
0.7250793843040277,150,8,20,True
0.7249803196940208,140,8,20,True
0.7248882308424501,230,8,20,True
0.7247931015019281,230,10,30,True
0.7247416711475783,230,10,100,True
0.7247416711475783,230,10,70,True
0.7247416711475783,230,10,60,True
0.7247416711475783,230,10,90,True
0.7247416711475783,230,10,50,True
0.7247416711475783,230,10,40,True
0.7247416711475783,230,10,80,True
0.7247217433387325,170,10,30,True
0.7247011447718882,150,10,30,True
0.7246837380510899,140,10,30,True
0.7246600536445948,150,10,40,True
0.7246600536445948,150,10,90,True
0.7246600536445948,150,10,60,True
0.7246600536445948,150,10,70,True
0.7246600536445948,150,10,50,True
0.7246600536445948,150,10,80,True
0.7246600536445948,150,10,100,True
0.7246515203815075,170,10,80,True
0.7246515203815075,170,10,100,True
0.7246515203815075,170,10,60,True
0.7246515203815075,170,10,50,True
0.7246515203815075,170,10,40,True
0.7246515203815075,170,10,70,True
0.7246515203815075,170,10,90,True
0.7246391702052533,140,10,40,True
0.7246391702052533,140,10,70,True
0.7246391702052533,140,10,80,True
0.7246391702052533,140,10,50,True
0.7246391702052533,140,10,90,True
0.7246391702052533,140,10,60,True
0.7246391702052533,140,10,100,True
0.7241851957908062,180,10,30,True
0.7241477248463247,300,12,20,True
0.7241391090942881,200,10,30,True
0.7241291213845809,270,10,20,True
0.724118908707528,180,10,70,True
0.724118908707528,180,10,60,True
0.724118908707528,180,10,50,True
0.724118908707528,180,10,80,True
0.724118908707528,180,10,100,True
0.724118908707528,180,10,90,True
0.724118908707528,180,10,40,True
0.7240801502625219,200,10,70,True
0.7240801502625219,200,10,100,True
0.7240801502625219,200,10,60,True
0.7240801502625219,200,10,90,True
0.7240801502625219,200,10,40,True
0.7240801502625219,200,10,50,True
0.7240801502625219,200,10,80,True
0.7239514437025528,300,10,20,True
0.7239008908161971,160,10,20,True
0.7238303468488801,270,12,60,True
0.7238303468488801,270,12,70,True
0.7238303468488801,270,12,80,True
0.7238303468488801,270,12,40,True
0.7238303468488801,270,12,50,True
0.7238303468488801,270,12,100,True
0.7238303468488801,270,12,90,True
0.7238301013831375,270,12,30,True
0.7238179282467445,270,12,20,True
0.7237772788566053,300,12,60,True
0.7237772788566053,300,12,80,True
0.7237772788566053,300,12,50,True
0.7237772788566053,300,12,100,True
0.7237772788566053,300,12,90,True
0.7237772788566053,300,12,40,True
0.7237772788566053,300,12,70,True
0.7237770627662877,300,12,30,True
0.7234365786463501,255,10,20,True
0.7231363994206743,140,10,20,True
0.7230916674919428,150,10,20,True
0.7230788639349434,255,12,100,True
0.7230788639349434,255,12,50,True
0.7230788639349434,255,12,80,True
0.7230788639349434,255,12,70,True
0.7230788639349434,255,12,90,True
0.7230788639349434,255,12,60,True
0.7230788639349434,255,12,40,True
0.7230785812264352,255,12,30,True
0.7229936221550697,255,12,20,True
0.7229668257761315,160,12,30,True
0.722966604573674,160,12,50,True
0.722966604573674,160,12,60,True
0.722966604573674,160,12,90,True
0.722966604573674,160,12,100,True
0.722966604573674,160,12,80,True
0.722966604573674,160,12,70,True
0.722966604573674,160,12,40,True
0.7226799285281718,170,10,20,True
0.722579250613259,230,10,20,True
0.7222252060462734,160,12,20,True
0.7219466983351708,200,10,20,True
0.7218877662447442,160,14,20,True
0.7217936814236047,170,12,30,True
0.7217935305621868,170,12,100,True
0.7217935305621868,170,12,80,True
0.7217935305621868,170,12,70,True
0.7217935305621868,170,12,60,True
0.7217935305621868,170,12,90,True
0.7217935305621868,170,12,40,True
0.7217935305621868,170,12,50,True
0.7216539367106687,230,12,20,True
0.7216014490775038,180,10,20,True
0.7215670504929135,150,12,60,True
0.7215670504929135,150,12,50,True
0.7215670504929135,150,12,100,True
0.7215670504929135,150,12,70,True
0.7215670504929135,150,12,40,True
0.7215670504929135,150,12,80,True
0.7215670504929135,150,12,90,True
0.7215669109813462,150,12,30,True
0.7215271036542636,230,12,60,True
0.7215271036542636,230,12,40,True
0.7215271036542636,230,12,90,True
0.7215271036542636,230,12,80,True
0.7215271036542636,230,12,70,True
0.7215271036542636,230,12,50,True
0.7215271036542636,230,12,100,True
0.7215267502677973,230,12,30,True
0.7214490049847354,140,12,20,True
0.7213783129894047,140,12,70,True
0.7213783129894047,140,12,60,True
0.7213783129894047,140,12,100,True
0.7213783129894047,140,12,50,True
0.7213783129894047,140,12,90,True
0.7213783129894047,140,12,40,True
0.7213783129894047,140,12,80,True
0.7213781627679738,140,12,30,True
0.7213394497455206,150,12,20,True
0.7213346903298694,160,14,90,True
0.7213346903298694,160,14,100,True
0.7213346903298694,160,14,50,True
0.7213346903298694,160,14,40,True
0.7213346903298694,160,14,70,True
0.7213346903298694,160,14,60,True
0.7213346903298694,160,14,80,True
0.7212692823787128,160,14,30,True
0.7212182187287068,170,12,20,True
0.72116587866785,200,12,90,True
0.72116587866785,200,12,40,True
0.72116587866785,200,12,80,True
0.72116587866785,200,12,60,True
0.72116587866785,200,12,70,True
0.72116587866785,200,12,50,True
0.72116587866785,200,12,100,True
0.7211655151441404,200,12,30,True
0.7211539181069364,180,12,30,True
0.7211537640699073,180,12,80,True
0.7211537640699073,180,12,40,True
0.7211537640699073,180,12,50,True
0.7211537640699073,180,12,60,True
0.7211537640699073,180,12,70,True
0.7211537640699073,180,12,100,True
0.7211537640699073,180,12,90,True
0.7211330773684475,200,12,20,True
0.7211033589374574,170,14,20,True
0.7208650960351781,270,14,40,True
0.7208650960351781,270,14,90,True
0.7208650960351781,270,14,80,True
0.7208650960351781,270,14,100,True
0.7208650960351781,270,14,50,True
0.7208650960351781,270,14,70,True
0.7208650960351781,270,14,60,True
0.7208157100983855,270,14,30,True
0.7208097906898547,150,14,20,True
0.7207742235667836,150,14,100,True
0.7207742235667836,150,14,90,True
0.7207742235667836,150,14,40,True
0.7207742235667836,150,14,60,True
0.7207742235667836,150,14,80,True
0.7207742235667836,150,14,70,True
0.7207742235667836,150,14,50,True
0.7207055865686591,150,14,30,True
0.7206957916806438,140,14,90,True
0.7206957916806438,140,14,70,True
0.7206957916806438,140,14,100,True
0.7206957916806438,140,14,60,True
0.7206957916806438,140,14,80,True
0.7206957916806438,140,14,50,True
0.7206957916806438,140,14,40,True
0.7206235548645538,140,14,30,True
0.7206130633280606,170,14,80,True
0.7206130633280606,170,14,90,True
0.7206130633280606,170,14,60,True
0.7206130633280606,170,14,100,True
0.7206130633280606,170,14,40,True
0.7206130633280606,170,14,50,True
0.7206130633280606,170,14,70,True
0.7206012274605033,140,14,20,True
0.7205530677702722,170,14,30,True
0.7204557374210365,180,12,20,True
0.7204454050004194,270,14,20,True
0.7204262884643267,300,14,90,True
0.7204262884643267,300,14,50,True
0.7204262884643267,300,14,60,True
0.7204262884643267,300,14,40,True
0.7204262884643267,300,14,70,True
0.7204262884643267,300,14,80,True
0.7204262884643267,300,14,100,True
0.7203827028232975,300,14,30,True
0.7200335362251277,300,14,20,True
0.7197621976620929,255,14,100,True
0.7197621976620929,255,14,80,True
0.7197621976620929,255,14,50,True
0.7197621976620929,255,14,60,True
0.7197621976620929,255,14,90,True
0.7197621976620929,255,14,40,True
0.7197621976620929,255,14,70,True
0.7196909327775987,255,14,30,True
0.7194380829718676,255,14,20,True
0.7193907249849197,230,14,60,True
0.7193907249849197,230,14,40,True
0.7193907249849197,230,14,80,True
0.7193907249849197,230,14,100,True
0.7193907249849197,230,14,70,True
0.7193907249849197,230,14,50,True
0.7193907249849197,230,14,90,True
0.7193693432681176,180,14,90,True
0.7193693432681176,180,14,70,True
0.7193693432681176,180,14,80,True
0.7193693432681176,180,14,100,True
0.7193693432681176,180,14,60,True
0.7193693432681176,180,14,50,True
0.7193693432681176,180,14,40,True
0.7193561241295576,180,14,20,True
0.7193130509862731,230,14,30,True
0.7193129208090887,180,14,30,True
0.7189427704626941,200,14,90,True
0.7189427704626941,200,14,80,True
0.7189427704626941,200,14,40,True
0.7189427704626941,200,14,100,True
0.7189427704626941,200,14,50,True
0.7189427704626941,200,14,70,True
0.7189427704626941,200,14,60,True
0.7188910196083331,200,14,30,True
0.7188810713549293,200,14,20,True
0.7183371377251877,230,14,20,True
0.7180172163454547,160,16,80,True
0.7180172163454547,160,16,100,True
0.7180172163454547,160,16,90,True
0.7180172163454547,160,16,40,True
0.7180172163454547,160,16,50,True
0.7180172163454547,160,16,70,True
0.7180172163454547,160,16,60,True
0.7179292282722057,160,16,30,True
0.7173328909309946,270,16,50,True
0.7173328909309946,270,16,70,True
0.7173328909309946,270,16,100,True
0.7173328909309946,270,16,90,True
0.7173328909309946,270,16,40,True
0.7173328909309946,270,16,60,True
0.7173328909309946,270,16,80,True
0.7172793847964554,270,16,30,True
0.7170181397832589,150,16,50,True
0.7170181397832589,150,16,60,True
0.7170181397832589,150,16,90,True
0.7170181397832589,150,16,40,True
0.7170181397832589,150,16,100,True
0.7170181397832589,150,16,80,True
0.7170181397832589,150,16,70,True
0.716962775156233,300,16,60,True
0.716962775156233,300,16,70,True
0.716962775156233,300,16,40,True
0.716962775156233,300,16,80,True
0.716962775156233,300,16,50,True
0.716962775156233,300,16,90,True
0.716962775156233,300,16,100,True
0.7169242898383009,150,16,30,True
0.7169147488620168,300,16,30,True
0.7167478447076574,140,16,80,True
0.7167478447076574,140,16,90,True
0.7167478447076574,140,16,60,True
0.7167478447076574,140,16,70,True
0.7167478447076574,140,16,100,True
0.7167478447076574,140,16,50,True
0.7167478447076574,140,16,40,True
0.7167049552535987,255,16,40,True
0.7167049552535987,255,16,90,True
0.7167049552535987,255,16,100,True
0.7167049552535987,255,16,80,True
0.7167049552535987,255,16,50,True
0.7167049552535987,255,16,70,True
0.7167049552535987,255,16,60,True
0.7166487084820083,255,16,30,True
0.7166462028698418,140,16,30,True
0.7164984273560329,170,16,70,True
0.7164984273560329,170,16,60,True
0.7164984273560329,170,16,40,True
0.7164984273560329,170,16,100,True
0.7164984273560329,170,16,50,True
0.7164984273560329,170,16,80,True
0.7164984273560329,170,16,90,True
0.7164143635857322,170,16,30,True
0.7163906017982026,270,16,20,True
0.7163172367348805,160,16,20,True
0.7158214220537156,200,16,70,True
0.7158214220537156,200,16,50,True
0.7158214220537156,200,16,40,True
0.7158214220537156,200,16,60,True
0.7158214220537156,200,16,80,True
0.7158214220537156,200,16,100,True
0.7158214220537156,200,16,90,True
0.7157559240580442,300,16,20,True
0.7157480742434054,200,16,30,True
0.7156739338902744,180,16,60,True
0.7156739338902744,180,16,50,True
0.7156739338902744,180,16,70,True
0.7156739338902744,180,16,100,True
0.7156739338902744,180,16,90,True
0.7156739338902744,180,16,80,True
0.7156739338902744,180,16,40,True
0.7155947991940957,180,16,30,True
0.7154619593275088,150,16,20,True
0.7154183809005136,255,16,20,True
0.7154074550512428,140,16,20,True
0.7153880412394032,170,16,20,True
0.715316439433174,230,16,100,True
0.715316439433174,230,16,60,True
0.715316439433174,230,16,70,True
0.715316439433174,230,16,90,True
0.715316439433174,230,16,40,True
0.715316439433174,230,16,50,True
0.715316439433174,230,16,80,True
0.7152539808984748,230,16,30,True
0.7148007877793762,270,18,20,True
0.7145115238108033,300,18,20,True
0.714451884914528,200,16,20,True
0.7142451821844735,180,16,20,True
0.7141832873946589,270,18,100,True
0.7141832873946589,270,18,80,True
0.7141832873946589,270,18,60,True
0.7141832873946589,270,18,40,True
0.7141832873946589,270,18,50,True
0.7141832873946589,270,18,70,True
0.7141832873946589,270,18,30,True
0.7141832873946589,270,18,90,True
0.7138239626071863,300,18,50,True
0.7138239626071863,300,18,90,True
0.7138239626071863,300,18,70,True
0.7138239626071863,300,18,40,True
0.7138239626071863,300,18,30,True
0.7138239626071863,300,18,100,True
0.7138239626071863,300,18,60,True
0.7138239626071863,300,18,80,True
0.7137665624650771,230,16,20,True
0.7135443497964549,255,18,20,True
0.7128468708973539,255,18,100,True
0.7128468708973539,255,18,90,True
0.7128468708973539,255,18,70,True
0.7128468708973539,255,18,50,True
0.7128468708973539,255,18,40,True
0.7128468708973539,255,18,60,True
0.7128468708973539,255,18,30,True
0.7128468708973539,255,18,80,True
0.7127720568864839,160,18,20,True
0.7125103732722646,230,18,20,True
0.7124466985345175,170,18,20,True
0.7123576541941554,160,20,30,True
0.7122500055403762,160,20,90,True
0.7122500055403762,160,20,70,True
0.7122500055403762,160,20,100,True
0.7122500055403762,160,20,80,True
0.7122500055403762,160,20,60,True
0.7122500055403762,160,20,50,True
0.7122500055403762,160,20,40,True
0.7119523583832046,160,20,20,True
0.7118833357461789,270,20,20,True
0.7118437155746558,180,18,20,True
0.7118103571111807,230,18,50,True
0.7118103571111807,230,18,100,True
0.7118103571111807,230,18,30,True
0.7118103571111807,230,18,70,True
0.7118103571111807,230,18,60,True
0.7118103571111807,230,18,90,True
0.7118103571111807,230,18,80,True
0.7118103571111807,230,18,40,True
0.7118029001740901,200,18,20,True
0.7117172867844778,170,20,30,True
0.7116999277250506,270,20,30,True
0.7116346943728009,270,20,60,True
0.7116346943728009,270,20,100,True
0.7116346943728009,270,20,80,True
0.7116346943728009,270,20,40,True
0.7116346943728009,270,20,70,True
0.7116346943728009,270,20,50,True
0.7116346943728009,270,20,90,True
0.711617669878574,170,20,70,True
0.711617669878574,170,20,90,True
0.711617669878574,170,20,40,True
0.711617669878574,170,20,50,True
0.711617669878574,170,20,80,True
0.711617669878574,170,20,60,True
0.711617669878574,170,20,100,True
0.7114915888761996,170,20,20,True
0.7114748037604064,160,18,30,True
0.7114748037604064,160,18,80,True
0.7114748037604064,160,18,40,True
0.7114748037604064,160,18,60,True
0.7114748037604064,160,18,90,True
0.7114748037604064,160,18,100,True
0.7114748037604064,160,18,50,True
0.7114748037604064,160,18,70,True
0.7112731956319351,300,20,30,True
0.7112332955093297,170,18,70,True
0.7112332955093297,170,18,60,True
0.7112332955093297,170,18,50,True
0.7112332955093297,170,18,100,True
0.7112332955093297,170,18,80,True
0.7112332955093297,170,18,30,True
0.7112332955093297,170,18,40,True
0.7112332955093297,170,18,90,True
0.7112046784775204,140,18,20,True
0.7111558578898298,300,20,40,True
0.7111558578898298,300,20,60,True
0.7111558578898298,300,20,100,True
0.7111558578898298,300,20,80,True
0.7111558578898298,300,20,50,True
0.7111558578898298,300,20,70,True
0.7111558578898298,300,20,90,True
0.7110279253786911,150,20,30,True
0.71100276263514,150,18,20,True
0.7109971573851471,255,20,20,True
0.7109113225431124,150,20,60,True
0.7109113225431124,150,20,40,True
0.7109113225431124,150,20,70,True
0.7109113225431124,150,20,100,True
0.7109113225431124,150,20,50,True
0.7109113225431124,150,20,80,True
0.7109113225431124,150,20,90,True
0.710898284696726,300,20,20,True
0.7108749487989223,255,20,30,True
0.7108066679911396,255,20,100,True
0.7108066679911396,255,20,40,True
0.7108066679911396,255,20,80,True
0.7108066679911396,255,20,70,True
0.7108066679911396,255,20,90,True
0.7108066679911396,255,20,50,True
0.7108066679911396,255,20,60,True
0.7106136131504589,140,20,30,True
0.7105224513736419,180,20,30,True
0.7105204240236065,200,18,30,True
0.7105204240236065,200,18,80,True
0.7105204240236065,200,18,40,True
0.7105204240236065,200,18,100,True
0.7105204240236065,200,18,50,True
0.7105204240236065,200,18,70,True
0.7105204240236065,200,18,90,True
0.7105204240236065,200,18,60,True
0.7105097365195034,200,20,30,True
0.7104887555854678,140,20,80,True
0.7104887555854678,140,20,100,True
0.7104887555854678,140,20,60,True
0.7104887555854678,140,20,90,True
0.7104887555854678,140,20,70,True
0.7104887555854678,140,20,50,True
0.7104887555854678,140,20,40,True
0.7104264087961278,180,20,90,True
0.7104264087961278,180,20,60,True
0.7104264087961278,180,20,50,True
0.7104264087961278,180,20,100,True
0.7104264087961278,180,20,70,True
0.7104264087961278,180,20,40,True
0.7104264087961278,180,20,80,True
0.7104212729411323,200,20,70,True
0.7104212729411323,200,20,60,True
0.7104212729411323,200,20,50,True
0.7104212729411323,200,20,100,True
0.7104212729411323,200,20,90,True
0.7104212729411323,200,20,80,True
0.7104212729411323,200,20,40,True
0.7103856847714576,180,20,20,True
0.710365957288525,180,18,100,True
0.710365957288525,180,18,50,True
0.710365957288525,180,18,30,True
0.710365957288525,180,18,60,True
0.710365957288525,180,18,70,True
0.710365957288525,180,18,40,True
0.710365957288525,180,18,80,True
0.710365957288525,180,18,90,True
0.710336119253696,230,20,20,True
0.7103093550636106,200,20,20,True
0.710235692005656,230,20,30,True
0.7101765502082366,150,20,20,True
0.7101592890118826,230,20,70,True
0.7101592890118826,230,20,100,True
0.7101592890118826,230,20,90,True
0.7101592890118826,230,20,50,True
0.7101592890118826,230,20,60,True
0.7101592890118826,230,20,80,True
0.7101592890118826,230,20,40,True
0.709899270882285,140,20,20,True
0.7096747179065256,140,18,70,True
0.7096747179065256,140,18,50,True
0.7096747179065256,140,18,90,True
0.7096747179065256,140,18,40,True
0.7096747179065256,140,18,60,True
0.7096747179065256,140,18,80,True
0.7096747179065256,140,18,30,True
0.7096747179065256,140,18,100,True
0.7094976326124911,150,18,60,True
0.7094976326124911,150,18,30,True
0.7094976326124911,150,18,70,True
0.7094976326124911,150,18,50,True
0.7094976326124911,150,18,90,True
0.7094976326124911,150,18,40,True
0.7094976326124911,150,18,80,True
0.7094976326124911,150,18,100,True
0.696493305508256,160,4,10,False
0.6960883045035526,160,2,10,False
0.6953639504900078,270,2,10,False
0.695310337452437,140,4,10,False
0.695217887731728,160,6,10,False
0.6951617348151959,300,2,10,False
0.6951301469045685,170,4,10,False
0.6950987426715365,270,4,10,False
0.6950066422929189,150,4,10,False
0.6948292652795729,150,2,10,False
0.6948073739220362,160,12,10,False
0.6947071453850324,270,6,10,False
0.6946991988634758,255,2,10,False
0.6945739289578435,170,2,10,False
0.6943825532615633,300,4,10,False
0.6942899403486764,255,4,10,False
0.6942733796103276,270,12,10,False
0.6940813744001988,140,2,10,False
0.6938295388575256,300,6,10,False
0.6936899397261375,230,4,10,False
0.6936825000139253,200,4,10,False
0.6936114096014206,255,12,10,False
0.6936048217642128,255,6,10,False
0.6935202963936551,170,6,10,False
0.6935048017797822,140,6,10,False
0.693335397317108,300,12,10,False
0.6932953237171017,230,2,10,False
0.693272895927757,180,4,10,False
0.693240983036954,230,6,10,False
0.6932234249756937,150,12,10,False
0.6931802702430329,270,14,10,False
0.6931123281159268,180,2,10,False
0.6929780468640762,150,6,10,False
0.6929183822199453,170,12,10,False
0.6928426329420135,270,10,10,False
0.6928422712514932,200,2,10,False
0.6927950758461441,180,6,10,False
0.6927463615981859,270,16,10,False
0.6927389736292995,160,16,10,False
0.6924139910446947,200,6,10,False
0.6924059848151172,300,10,10,False
0.6924031461913412,270,8,10,False
0.692348015151077,140,12,10,False
0.692312182367808,300,14,10,False
0.6921880932212087,230,12,10,False
0.6920423466830119,255,14,10,False
0.6917996244515423,300,16,10,False
0.6917715682318704,255,10,10,False
0.6917456106020717,200,12,10,False
0.6917116909258578,160,10,10,False
0.6917102678685753,160,14,10,False
0.6916552844975598,255,16,10,False
0.6912845757462163,160,8,10,False
0.6912734964028862,255,8,10,False
0.691169032266778,300,8,10,False
0.6911633795297144,180,12,10,False
0.6910501088969325,140,16,10,False
0.6910068777587562,270,20,10,False
0.690946658651003,170,16,10,False
0.6908304412721841,150,16,10,False
0.6906601857174605,160,20,10,False
0.6906141511373244,170,8,10,False
0.690528886022024,200,8,10,False
0.6904858162076937,230,16,10,False
0.6904744372723677,230,10,10,False
0.6903627698009377,140,10,10,False
0.6903160016571454,230,14,10,False
0.690187705052798,170,10,10,False
0.6901717526478012,170,14,10,False
0.6901440687615159,300,20,10,False
0.6901302462375394,200,16,10,False
0.6900959522344992,230,8,10,False
0.6900037878617333,150,10,10,False
0.6898857997636908,200,14,10,False
0.6897597577961854,180,8,10,False
0.6897349894031324,180,16,10,False
0.6896665325790945,140,14,10,False
0.6896111876960246,255,20,10,False
0.6895610692618591,200,10,10,False
0.6893409765694798,150,14,10,False
0.6892681915392934,180,10,10,False
0.6892382030846125,150,20,10,False
0.6891551032192587,180,14,10,False
0.688981771332605,270,18,10,False
0.688951423347671,150,8,10,False
0.6889006536672749,300,18,10,False
0.688787547172147,140,8,10,False
0.688664222580034,140,20,10,False
0.6883115138356724,170,20,10,False
0.6880449769774625,230,20,10,False
0.6877692204113519,200,20,10,False
0.6875432778293726,160,18,10,False
0.6873871329790193,255,18,10,False
0.6867096148724899,180,20,10,False
0.6866279872183345,170,18,10,False
0.6860496157770203,230,18,10,False
0.6855769284383302,200,18,10,False
0.685536049192008,150,18,10,False
0.6854718254001172,140,18,10,False
0.6850480652727573,180,18,10,False
0.6825250809571934,270,2,10,True
0.6823861787696058,160,6,10,True
0.682227426951248,300,2,10,True
0.681772808102239,160,2,10,True
0.681709586948241,270,12,10,True
0.6816595879835661,160,4,10,True
0.6815198356610379,270,6,10,True
0.6810762082882492,300,12,10,True
0.6810436856362567,160,8,10,True
0.6809824378101604,255,2,10,True
0.6809464649542132,270,10,10,True
0.6808320664054346,270,8,10,True
0.6808277121495723,300,6,10,True
0.6807883476622754,270,4,10,True
0.6806515527307003,300,8,10,True
0.6806298367955259,300,10,10,True
0.680611751138771,140,6,10,True
0.6805095339062863,170,2,10,True
0.6804628529734654,140,4,10,True
0.6804165467821095,150,6,10,True
0.6803961162794379,300,4,10,True
0.6799253181921805,160,12,10,True
0.6799142285301635,230,2,10,True
0.6798413848023998,140,2,10,True
0.6797564861007519,255,12,10,True
0.6797543906199062,255,6,10,True
0.6797067939667409,150,8,10,True
0.6796708386755121,150,2,10,True
0.6796243232496328,255,10,10,True
0.679546246176821,170,6,10,True
0.679521244000521,150,4,10,True
0.6795151284967735,140,8,10,True
0.6794634740967692,170,4,10,True
0.6794423649600672,255,8,10,True
0.6793214274310364,160,10,10,True
0.6792817837266444,255,4,10,True
0.6792182732365992,200,2,10,True
0.679156847953416,140,12,10,True
0.6791529377731975,230,6,10,True
0.6788398053599329,180,2,10,True
0.6788209307678559,170,8,10,True
0.6787779758955113,200,6,10,True
0.6784314637518023,200,4,10,True
0.6784085536159297,150,12,10,True
0.6783981101224954,270,14,10,True
0.678280931382725,230,10,10,True
0.67824467151052,200,8,10,True
0.6781946038010617,230,4,10,True
0.6781548055071067,230,12,10,True
0.6779375005048867,180,6,10,True
0.6778199324437362,200,10,10,True
0.6778153151654083,180,4,10,True
0.6778140450327672,230,8,10,True
0.677725730451779,170,12,10,True
0.6777242284394029,170,10,10,True
0.6775717271854461,200,12,10,True
0.6775361794308156,270,18,10,True
0.6774550593360731,300,14,10,True
0.6773866162482853,140,10,10,True
0.6773817991487057,300,16,10,True
0.6771575626405248,150,10,10,True
0.6771349461534047,270,16,10,True
0.6770562515709445,180,8,10,True
0.6768172684469714,255,14,10,True
0.6767871797096705,160,18,10,True
0.6767869421088955,160,14,10,True
0.6766484333317258,300,18,10,True
0.6764101198345187,180,12,10,True
0.6763894850040372,180,10,10,True
0.6762446312450179,270,20,10,True
0.6759988653923201,140,14,10,True
0.6759173501817419,255,18,10,True
0.6757716224663353,170,14,10,True
0.6755215925832946,160,20,10,True
0.6754924204693459,150,14,10,True
0.675469230081605,255,16,10,True
0.6753618169289153,230,14,10,True
0.67518428712264,150,18,10,True
0.6751560094937248,300,20,10,True
0.6751071141362351,160,16,10,True
0.6749474168003177,170,18,10,True
0.6747056010432495,200,14,10,True
0.6746947555269724,230,18,10,True
0.6746191378935037,180,14,10,True
0.6746174378806645,255,20,10,True
0.6746005769594456,140,18,10,True
0.6745305443006794,200,18,10,True
0.6741555297571484,140,20,10,True
0.6735657978320837,180,18,10,True
0.6735220393679021,200,16,10,True
0.6733127735343201,230,16,10,True
0.6732916253748805,150,20,10,True
0.6732760236724467,140,16,10,True
0.6732300589386296,170,16,10,True
0.6731674537371348,170,20,10,True
0.6731057327940217,200,20,10,True
0.6729646835824303,150,16,10,True
0.6728641069939355,230,20,10,True
0.6723860743056231,180,20,10,True
0.6723266390665448,180,16,10,True
